ForPrd From,Cond Type,Main Cond ID,Sub Cond ID,Sub Cond ID2,Sub Cond Line ID,Line Text,Cond Value,Cond UOM,LowerValue,UpperValue
01-10-2021,residential,Andhra Pradesh,Southern Power Distribution Company of A.P Limited,,0,cnt,6,,,
,residential,Andhra Pradesh,Southern Power Distribution Company of A.P Limited,,1,defaultFixedCharge,50,Rupees,,
,residential,Andhra Pradesh,Southern Power Distribution Company of A.P Limited,,2,>840 to <=1550,((CondValue-840)/7.1)+200,,840,1550
,residential,Andhra Pradesh,Southern Power Distribution Company of A.P Limited,,3,>1550&&<=2345,((CondValue-1550)/7.95)+300,,1550,2345
,residential,Andhra Pradesh,Southern Power Distribution Company of A.P Limited,,4,>2345&&<=3195,((CondValue-2345)/8.5)+400,,2345,3195
,residential,Andhra Pradesh,Southern Power Distribution Company of A.P Limited,,5,>3195,((CondValue-3195)/9.95)+500,,3195,3195
,residential,Andhra Pradesh,Southern Power Distribution Company of A.P Limited,,6,Irradiance,1633.4,,,
,residential,Arunachal Pradesh,Department of Power Arunachal Pradesh,,0,cnt,3,,,
,residential,Arunachal Pradesh,Department of Power Arunachal Pradesh,,1,defaultFixedCharge,20,Rupees,,
,residential,Arunachal Pradesh,Department of Power Arunachal Pradesh,,2,>0,(CondValue/4.07),,0,0
,residential,Arunachal Pradesh,Department of Power Arunachal Pradesh,,3,Irradiance,1232.2,,,
,residential,Andaman & Nicobar,Electricity Department UT of Andaman & Nicobar,,0,cnt,4,,,
,residential,Andaman & Nicobar,Electricity Department UT of Andaman & Nicobar,,1,defaultFixedCharge,70,Rupees,,
,residential,Andaman & Nicobar,Electricity Department UT of Andaman & Nicobar,,2,>725&&<=2885,((CondValue-725)/7.2)+200,,725,2885
,residential,Andaman & Nicobar,Electricity Department UT of Andaman & Nicobar,,3,>2885,((CondValue-2885)/8.5)+500,,2885,2885
,residential,Andaman & Nicobar,Electricity Department UT of Andaman & Nicobar,,4,Irradiance,1454.7,,,
,residential,Assam,Assam Power Distribution Company Limited,,0,cnt,5,,,
,residential,Assam,Assam Power Distribution Company Limited,,1,defaultFixedCharge,250,Rupees,,
,residential,Assam,Assam Power Distribution Company Limited,,2,SanctionLoad,CondValue-(SanctionLoad*50),,,
,residential,Assam,Assam Power Distribution Company Limited,,3,>588&&<=1326,((CondValue-588)/6.15)+120,,588,1326
,residential,Assam,Assam Power Distribution Company Limited,,4,>1326,((CondValue-1326)/7.15)+240,,1326,1326
,residential,Assam,Assam Power Distribution Company Limited,,5,Irradiance,1599.7,,,
,residential,Bihar,Bihar Power Distribution Company,,0,cnt,4,,,
,residential,Bihar,Bihar Power Distribution Company,,1,defaultFixedCharge,200,Rupees,,
,residential,Bihar,Bihar Power Distribution Company,,2,>427&&<=939,((CondValue-427)/5.12)+100,,427,939
,residential,Bihar,Bihar Power Distribution Company,,3,>939,((CondValue-939)/6.22)+200,,939,939
,residential,Bihar,Bihar Power Distribution Company,,4,Irradiance,1503.4,,,
,residential,Chattisgarh,Chhattisgarh State Power Distribution Company,,0,cnt,5,,,
,residential,Chattisgarh,Chhattisgarh State Power Distribution Company,,1,defaultFixedCharge,120,Rupees,,
,residential,Chattisgarh,Chhattisgarh State Power Distribution Company,,2,>700&&<=1680,((CondValue-700)/4.9)+200,,700,1680
,residential,Chattisgarh,Chhattisgarh State Power Distribution Company,,3,>1680&&<=2780,((CondValue-1680)/5.5)+400,,1680,2780
,residential,Chattisgarh,Chhattisgarh State Power Distribution Company,,4,>2780,((CondValue-2780)/7.3)+600,,2780,2780
,residential,Chattisgarh,Chhattisgarh State Power Distribution Company,,5,Irradiance,1614.4,,,
,residential,Chandigarh,Electricity Department UT of Chandigarh,,0,cnt,4,,,
,residential,Chandigarh,Electricity Department UT of Chandigarh,,1,defaultFixedCharge,50,Rupees,,
,residential,Chandigarh,Electricity Department UT of Chandigarh,,2,>375&&<=1437.5,((CondValue-375)/4.25)+150,,375,1437.5
,residential,Chandigarh,Electricity Department UT of Chandigarh,,3,>1437.5,((CondValue-1437.5)/4.65)+400,,1437.5,1437.5
,residential,Chandigarh,Electricity Department UT of Chandigarh,,4,Irradiance,1671.9,,,
,residential,Daman and Diu,Electricity Department UT of Daman & Diu,,0,cnt,3,,,
,residential,Daman and Diu,Electricity Department UT of Daman & Diu,,1,defaultFixedCharge,45,Rupees,,
,residential,Daman and Diu,Electricity Department UT of Daman & Diu,,2,>840,((CondValue-840)/3)+400,,840,840
,residential,Daman and Diu,Electricity Department UT of Daman & Diu,,3,Irradiance,1593.9,,,
,residential,Delhi,New Delhi Municipal Corporation,,0,cnt,9,,,
,residential,Delhi,New Delhi Municipal Corporation,,1,defaultFixedCharge,250,Rupees,,
,residential,Delhi,New Delhi Municipal Corporation,,2,Tax,0.3,,,
,residential,Delhi,New Delhi Municipal Corporation,,3,SanctionLoad<=5,CondValue-(SanctionLoad*50),,,
,residential,Delhi,New Delhi Municipal Corporation,,4,SanctionLoad>5,CondValue-(SanctionLoad*100),,,
,residential,Delhi,New Delhi Municipal Corporation,,5,>600&&<=1500,((CondValue-600)/4.5)+200,,600,1500
,residential,Delhi,New Delhi Municipal Corporation,,6,>1500&&<=4100,((CondValue-1500)/6.5)+400,,1500,4100
,residential,Delhi,New Delhi Municipal Corporation,,7,>4100&&<=6900,((CondValue-4100)/7)+800,,4100,6900
,residential,Delhi,New Delhi Municipal Corporation,,8,>6900,((CondValue-6900)/8)+1200,,6900,6900
,residential,Delhi,New Delhi Municipal Corporation,,9,Irradiance,1813.4,,,
,residential,Goa,Electricity Department Government of Goa,,0,cnt,4,,,
,residential,Goa,Electricity Department Government of Goa,,1,defaultFixedCharge,65,Rupees,,
,residential,Goa,Electricity Department Government of Goa,,2,>660&&<=1025,((CondValue-660)/3.65)+300,,660,1025
,residential,Goa,Electricity Department Government of Goa,,3,>1025,((CondValue-1025)/4.25)+400,,1025,1025
,residential,Goa,Electricity Department Government of Goa,,4,Irradiance,1635.3,,,
,residential,Gujarat,Gujarat Vij Company Limited,,0,cnt,5,,,
,residential,Gujarat,Gujarat Vij Company Limited,,1,defaultFixedCharge,45,Rupees,,
,residential,Gujarat,Gujarat Vij Company Limited,,2,Tax,0.15,,,
,residential,Gujarat,Gujarat Vij Company Limited,,3,>517.5&&<=1425,((CondValue-517.5)/6.05)+100,,517.5,1425
,residential,Gujarat,Gujarat Vij Company Limited,,4,>1425,((CondValue-1425)/7.1)+250,,1425,1425
,residential,Gujarat,Gujarat Vij Company Limited,,5,Irradiance,1675.6,,,
,residential,Gujarat,Gujarat Torrent Power,AHMEDABAD,0,cnt,4,,,
,residential,Gujarat,Gujarat Torrent Power,AHMEDABAD,1,defaultFixedCharge,110,Rupees,,
,residential,Gujarat,Gujarat Torrent Power,AHMEDABAD,2,<=1174.5,((CondValue-265.5)/6.06)+50,,0,1174.5
,residential,Gujarat,Gujarat Torrent Power,AHMEDABAD,3,>1174.5,((CondValue-1174.5)/7.11)+200,,1174.5,1174.5
,residential,Gujarat,Gujarat Torrent Power,AHMEDABAD,4,Irradiance,1675.6,,,
,residential,Gujarat,Gujarat Torrent Power,SURAT,0,cnt,4,,,
,residential,Gujarat,Gujarat Torrent Power,SURAT,1,defaultFixedCharge,110,Rupees,,
,residential,Gujarat,Gujarat Torrent Power,SURAT,2,>553.5&&<=1507.5,((CondValue-553.5)/6.36)+100,,553.5,1507.5
,residential,Gujarat,Gujarat Torrent Power,SURAT,3,>1507.5,((CondValue-1507.5)/7.16)+250,,1507.5,1507.5
,residential,Gujarat,Gujarat Torrent Power,SURAT,4,Irradiance,1675.6,,,
,residential,Gujarat,Gujarat Torrent Power,DAHEJ,0,cnt,4,,,
,residential,Gujarat,Gujarat Torrent Power,DAHEJ,1,defaultFixedCharge,110,Rupees,,
,residential,Gujarat,Gujarat Torrent Power,DAHEJ,2,>431&&<=1197.5,((CondValue-431)/5.11)+100,,431,1197.5
,residential,Gujarat,Gujarat Torrent Power,DAHEJ,3,>1197.5,((CondValue-1197.5)/6.01)+250,,1197.5,1197.5
,residential,Gujarat,Gujarat Torrent Power,DAHEJ,4,Irradiance,1675.6,,,
,residential,Haryana,Haryana Bijli Vitran Nigam,,0,cnt,5,,,
,residential,Haryana,Haryana Bijli Vitran Nigam,,1,defaultFixedCharge,0,Rupees,,
,residential,Haryana,Haryana Bijli Vitran Nigam,,2,>900&&<=2475,((CondValue-900)/6.3)+250,,900,2475
,residential,Haryana,Haryana Bijli Vitran Nigam,,3,>2475&&<=4605,((CondValue-2475)/7.1)+500,,2475,4605
,residential,Haryana,Haryana Bijli Vitran Nigam,,4,>4605,((CondValue-4605)/7.1)+800,,4605,4605
,residential,Haryana,Haryana Bijli Vitran Nigam,,5,Irradiance,1671.9,,,
,residential,Himachal Pradesh,Himachal Pradesh State Electricity Board Limited,,0,cnt,3,,,
,residential,Himachal Pradesh,Himachal Pradesh State Electricity Board Limited,,1,defaultFixedCharge,70,Rupees,,
,residential,Himachal Pradesh,Himachal Pradesh State Electricity Board Limited,,2,>677,((CondValue-677)/4.4)+300,,677,677
,residential,Himachal Pradesh,Himachal Pradesh State Electricity Board Limited,,3,Irradiance,1769.4,,,
,residential,Himachal Pradesh,Himachal Pradesh Prepaid,,0,cnt,3,,,
,residential,Himachal Pradesh,Himachal Pradesh Prepaid,,1,defaultFixedCharge,0,Rupees,,
,residential,Himachal Pradesh,Himachal Pradesh Prepaid,,2,>885,((CondValue-885)/4.85)+300,,885,885
,residential,Himachal Pradesh,Himachal Pradesh Prepaid,,3,Irradiance,1769.4,,,
,residential,Jharkhand,Jharkhand Bijli Vitran Nigam Limited,,0,cnt,3,,,
,residential,Jharkhand,Jharkhand Bijli Vitran Nigam Limited,,1,defaultFixedCharge,70,Rupees,,
,residential,Jharkhand,Jharkhand Bijli Vitran Nigam Limited,,2,>0,(CondValue/4.25),,0,0
,residential,Jharkhand,Jharkhand Bijli Vitran Nigam Limited,,3,Irradiance,1666.6,,,
,residential,Karnataka,Bangalore Electricity Company Limited,,0,cnt,5,,,
,residential,Karnataka,Bangalore Electricity Company Limited,,1,defaultFixedCharge,465,Rupees,,
,residential,Karnataka,Bangalore Electricity Company Limited,,2,SanctionLoad,CondValue-(SanctionLoad*95),,,
,residential,Karnataka,Bangalore Electricity Company Limited,,3,>501.5&&<=1201.5,((CondValue-501.5)/7)+100,,501.5,1201.5
,residential,Karnataka,Bangalore Electricity Company Limited,,4,>1201.5,((CondValue-1201.5)/8.05)+200,,1201.5,1201.5
,residential,Karnataka,Bangalore Electricity Company Limited,,5,Irradiance,1764.4,,,
,residential,Kerala,Kerala State Electricity Board Limited,,0,cnt,7,,,
,residential,Kerala,Kerala State Electricity Board Limited,,1,defaultFixedCharge,120,Rupees,,
,residential,Kerala,Kerala State Electricity Board Limited,,2,>1282.5&&<=1740,((CondValue-1282.5)/5.8)+250,,1282.5,1740
,residential,Kerala,Kerala State Electricity Board Limited,,3,>1740&&<=2310,((CondValue-1740)/6.6)+300,,1740,2310
,residential,Kerala,Kerala State Electricity Board Limited,,4,>2310&&<=2760,((CondValue-2310)/6.9)+350,,2310,2760
,residential,Kerala,Kerala State Electricity Board Limited,,5,>2760&&<=3550,((CondValue-2760)/7.1)+400,,2760,3550
,residential,Kerala,Kerala State Electricity Board Limited,,6,>3550,((CondValue-3550)/7.9)+500,,3550,3550
,residential,Kerala,Kerala State Electricity Board Limited,,7,Irradiance,1665.6,,,
,residential,Lakshadweep,Electricity Department UT of Lakshadweep,,0,cnt,3,,,
,residential,Lakshadweep,Electricity Department UT of Lakshadweep,,1,defaultFixedCharge,70,Rupees,,
,residential,Lakshadweep,Electricity Department UT of Lakshadweep,,2,>965,((CondValue-965)/6.85)+300,,965,965
,residential,Lakshadweep,Electricity Department UT of Lakshadweep,,3,Irradiance,1600.6,,,
,residential,Madhya Pradesh,Madhya Pradesh Madhya Kshetra Vidyut Vitran Company Limited,,0,cnt,5,,,
,residential,Madhya Pradesh,Madhya Pradesh Madhya Kshetra Vidyut Vitran Company Limited,,1,defaultFixedCharge,1352,Rupees,,
,residential,Madhya Pradesh,Madhya Pradesh Madhya Kshetra Vidyut Vitran Company Limited,,2,SanctionLoad,CondValue-(SanctionLoad*250),,,
,residential,Madhya Pradesh,Madhya Pradesh Madhya Kshetra Vidyut Vitran Company Limited,,3,>711.5&&<=1679,((CondValue-711.5)/6.45)+150,,711.5,1679
,residential,Madhya Pradesh,Madhya Pradesh Madhya Kshetra Vidyut Vitran Company Limited,,4,>1679,((CondValue-1679)/6.65)+300,,1679,1679
,residential,Madhya Pradesh,Madhya Pradesh Madhya Kshetra Vidyut Vitran Company Limited,,5,Irradiance,1680,,,
,residential,Maharashtra,Maharashtra State Electricity Distribution Company Limited,,0,cnt,5,,,
,residential,Maharashtra,Maharashtra State Electricity Distribution Company Limited,,1,defaultFixedCharge,270,Rupees,,
,residential,Maharashtra,Maharashtra State Electricity Distribution Company Limited,,2,>344&&<=1812,((CondValue-344)/7.34)+100,,344,1812
,residential,Maharashtra,Maharashtra State Electricity Distribution Company Limited,,3,>1812&&<=3884,((CondValue-1812)/10.36)+300,,1812,3884
,residential,Maharashtra,Maharashtra State Electricity Distribution Company Limited,,4,>3884,((CondValue-3884)/11.82)+500,,3884,3884
,residential,Maharashtra,Maharashtra State Electricity Distribution Company Limited,,5,Irradiance,1597.5,,,
,residential,Maharashtra,Adani,,0,cnt,5,,,
,residential,Maharashtra,Adani,,1,defaultFixedCharge,140,Rupees,,
,residential,Maharashtra,Adani,,2,>305&&<=1305,((CondValue-305)/5)+100,,305,1305
,residential,Maharashtra,Adani,,3,>1305&&<=2635,((CondValue-1305)/6.65)+300,,1305,2635
,residential,Maharashtra,Adani,,4,>2635,((CondValue-2635)/7.8)+500,,2635,2635
,residential,Maharashtra,Adani,,5,Irradiance,1597.5,,,
,residential,Maharashtra,Tata,,0,cnt,5,,,
,residential,Maharashtra,Tata,,1,defaultFixedCharge,140,Rupees,,
,residential,Maharashtra,Tata,,2,>363&&<=1599,((CondValue-363)/6.18)+100,,363,1599
,residential,Maharashtra,Tata,,3,>1599&&<=3525,((CondValue-1599)/9.63)+300,,1599,3525
,residential,Maharashtra,Tata,,4,>3525,((CondValue-3525)/10.33)+500,,3525,3525
,residential,Maharashtra,Tata,,5,Irradiance,1597.5,,,
,residential,Maharashtra,Brihanmumbai Electric Supply Company,,0,cnt,5,,,
,residential,Maharashtra,Brihanmumbai Electric Supply Company,,1,defaultFixedCharge,140,Rupees,,
,residential,Maharashtra,Brihanmumbai Electric Supply Company,,2,>174&&<=1048,((CondValue-174)/4.37)+100,,174,1048
,residential,Maharashtra,Brihanmumbai Electric Supply Company,,3,>1048&&<=2490,((CondValue-1048)/7.21)+300,,1048,2490
,residential,Maharashtra,Brihanmumbai Electric Supply Company,,4,>2490,((CondValue-2490)/8.77)+500,,2490,2490
,residential,Maharashtra,Brihanmumbai Electric Supply Company,,5,Irradiance,1597.5,,,
,residential,Manipur,Manipur State Power Distribution Company Limited,,0,cnt,5,,,
,residential,Manipur,Manipur State Power Distribution Company Limited,,1,defaultFixedCharge,325,Rupees,,
,residential,Manipur,Manipur State Power Distribution Company Limited,,2,SanctionLoad,CondValue-(SanctionLoad*65),,,
,residential,Manipur,Manipur State Power Distribution Company Limited,,3,>510&&<=1105,((CondValue-510)/5.95)+100,,510,1105
,residential,Manipur,Manipur State Power Distribution Company Limited,,4,>1105,((CondValue-1105)/6.75)+200,,1105,1105
,residential,Manipur,Manipur State Power Distribution Company Limited,,5,Irradiance,1506.9,,,
,residential,Mizoram,Power and Electricity Department Mizoram,,0,cnt,5,,,
,residential,Mizoram,Power and Electricity Department Mizoram,,1,defaultFixedCharge,250,Rupees,,
,residential,Mizoram,Power and Electricity Department Mizoram,,2,SanctionLoad,CondValue-(SanctionLoad*50),,,
,residential,Mizoram,Power and Electricity Department Mizoram,,3,>480&&<=1030,((CondValue-480)/5.5)+100,,480,1030
,residential,Mizoram,Power and Electricity Department Mizoram,,4,>1030,((CondValue-1030)/5.9)+200,,1030,1030
,residential,Mizoram,Power and Electricity Department Mizoram,,5,Irradiance,1781.9,,,
,residential,Megalaya,Meghalaya Energy Distribution Company Limited,,0,cnt,4,,,
,residential,Megalaya,Meghalaya Energy Distribution Company Limited,,1,defaultFixedCharge,300,Rupees,,
,residential,Megalaya,Meghalaya Energy Distribution Company Limited,,2,SanctionLoad,CondValue-(SanctionLoad*60),,,
,residential,Megalaya,Meghalaya Energy Distribution Company Limited,,3,>840,((CondValue-840)/6)+200,,840,840
,residential,Megalaya,Meghalaya Energy Distribution Company Limited,,4,Irradiance,1468.4,,,
,residential,Nagaland,Department of Power Nagaland,,0,cnt,4,,,
,residential,Nagaland,Department of Power Nagaland,,1,defaultFixedCharge,10,Rupees,,
,residential,Nagaland,Department of Power Nagaland,,2,>522.5&&<=1422.5,((CondValue-522.5)/6)+100,,522.5,1422.5
,residential,Nagaland,Department of Power Nagaland,,3,>1422.5,((CondValue-1422.5)/7)+250,,1422.5,1422.5
,residential,Nagaland,Department of Power Nagaland,,4,Irradiance,1614.4,,,
,residential,Odisha,Odisha Electricity Supply Company Limited,,0,cnt,5,,,
,residential,Odisha,Odisha Electricity Supply Company Limited,,1,defaultFixedCharge,100,Rupees,,
,residential,Odisha,Odisha Electricity Supply Company Limited,,2,SanctionLoad,CondValue-(SanctionLoad*20),,,
,residential,Odisha,Odisha Electricity Supply Company Limited,,3,>870&&<=2030,((CondValue-870)/5.8)+200,,870,2030
,residential,Odisha,Odisha Electricity Supply Company Limited,,4,>2030,((CondValue-2030)/6.2)+400,,2030,2030
,residential,Odisha,Odisha Electricity Supply Company Limited,,5,Irradiance,1516.6,,,
,residential,Pondicherry,Electricity Department UT of Puducherry,,0,cnt,3,,,
,residential,Pondicherry,Electricity Department UT of Puducherry,,1,defaultFixedCharge,45,Rupees,,
,residential,Pondicherry,Electricity Department UT of Puducherry,,2,>880,((CondValue-880)/6.05)+300,,880,880
,residential,Pondicherry,Electricity Department UT of Puducherry,,3,Irradiance,1618.8,,,
,residential,Punjab,Punjab State Power Corporation Limited,,0,cnt,5,,,
,residential,Punjab,Punjab State Power Corporation Limited,,1,defaultFixedCharge,300,Rupees,,
,residential,Punjab,Punjab State Power Corporation Limited,,2,SanctionLoad,CondValue-(SanctionLoad*60),,,
,residential,Punjab,Punjab State Power Corporation Limited,,3,>374&&<=1542,((CondValue-374)/5.84)+100,,374,1542
,residential,Punjab,Punjab State Power Corporation Limited,,4,>1542,((CondValue-1542)/7.3)+300,,1542,1542
,residential,Punjab,Punjab State Power Corporation Limited,,5,Irradiance,1671.9,,,
,residential,Rajasthan,Rajasthan Vidyut Vitran Nigam Limited,,0,cnt,4,,,
,residential,Rajasthan,Rajasthan Vidyut Vitran Nigam Limited,,1,defaultFixedCharge,400,Rupees,,
,residential,Rajasthan,Rajasthan Vidyut Vitran Nigam Limited,,2,>1990&&<=3520,((CondValue-1990)/7.65)+300,,1990,3520
,residential,Rajasthan,Rajasthan Vidyut Vitran Nigam Limited,,3,>3520,((CondValue-3520)/7.95)+500,,3520,3520
,residential,Rajasthan,Rajasthan Vidyut Vitran Nigam Limited,,4,Irradiance,1551.6,,,
,residential,Sikkim,Sikkim Power Development Corporation Limited,,0,cnt,4,,,
,residential,Sikkim,Sikkim Power Development Corporation Limited,,1,defaultFixedCharge,200,Rupees,,
,residential,Sikkim,Sikkim Power Development Corporation Limited,,2,>450&&<=1150,((CondValue-450)/3.5)+200,,450,1150
,residential,Sikkim,Sikkim Power Development Corporation Limited,,3,>1150,((CondValue-1150)/4)+400,,1150,1150
,residential,Sikkim,Sikkim Power Development Corporation Limited,,4,Irradiance,1614.4,,,
,residential,Tamil Nadu,Tamil Nadu Generation & Distribution Company Limited,,0,cnt,4,,,
,residential,Tamil Nadu,Tamil Nadu Generation & Distribution Company Limited,,1,defaultFixedCharge,50,Rupees,,
,residential,Tamil Nadu,Tamil Nadu Generation & Distribution Company Limited,,2,>350&&<=1730,((CondValue-350)/4.6)+200,,350,1730
,residential,Tamil Nadu,Tamil Nadu Generation & Distribution Company Limited,,3,>1730,((CondValue-1730)/6.6)+500,,1730,1730
,residential,Tamil Nadu,Tamil Nadu Generation & Distribution Company Limited,,4,Irradiance,1610.9,,,
,residential,Telangana,Telangana State Power Distribution Company Limited,,0,cnt,6,,,
,residential,Telangana,Telangana State Power Distribution Company Limited,,1,defaultFixedCharge,80,Rupees,,
,residential,Telangana,Telangana State Power Distribution Company Limited,,2,>1000&&<=1720,((CondValue-1000)/7.2)+200,,1000,1720
,residential,Telangana,Telangana State Power Distribution Company Limited,,3,>1720&&<=2570,((CondValue-1720)/8.5)+300,,1720,2570
,residential,Telangana,Telangana State Power Distribution Company Limited,,4,>2570&&<=6170,((CondValue-2570)/9)+400,,2570,6170
,residential,Telangana,Telangana State Power Distribution Company Limited,,5,>6170,((CondValue-6170)/9.5),,6170,6170
,residential,Telangana,Telangana State Power Distribution Company Limited,,6,Irradiance,1657.2,,,
,residential,Tripura,Tripura State Electricity Corporation Limited,,0,cnt,4,,,
,residential,Tripura,Tripura State Electricity Corporation Limited,,1,defaultFixedCharge,50,Rupees,,
,residential,Tripura,Tripura State Electricity Corporation Limited,,2,>840&&<=1764,((CondValue-840)/6.16)+150,,840,1764
,residential,Tripura,Tripura State Electricity Corporation Limited,,3,>1764,((CondValue-1764)/7.2)+300,,1764,1764
,residential,Tripura,Tripura State Electricity Corporation Limited,,4,Irradiance,1652.2,,,
,residential,Uttarakhand,Uttarakhand Power Corporation Limited,,0,cnt,4,,,
,residential,Uttarakhand,Uttarakhand Power Corporation Limited,,1,defaultFixedCharge,200,Rupees,,
,residential,Uttarakhand,Uttarakhand Power Corporation Limited,,2,>680&&<=1780,((CondValue-680)/5.5)+200,,680,1780
,residential,Uttarakhand,Uttarakhand Power Corporation Limited,,3,>1780,((CondValue-1780)/6.25)+400,,1780,1780
,residential,Uttarakhand,Uttarakhand Power Corporation Limited,,4,Irradiance,1846.9,,,
,residential,Uttar Pradesh,Uttar Pradesh Vidyut Vitran Nigam Limited,,0,cnt,6,,,
,residential,Uttar Pradesh,Uttar Pradesh Vidyut Vitran Nigam Limited,,1,defaultFixedCharge,550,Rupees,,
,residential,Uttar Pradesh,Uttar Pradesh Vidyut Vitran Nigam Limited,,2,SanctionLoad,CondValue-(SanctionLoad*110),,,
,residential,Uttar Pradesh,Uttar Pradesh Vidyut Vitran Nigam Limited,,3,>825&&<=1725,((CondValue-825)/6)+150,,825,1725
,residential,Uttar Pradesh,Uttar Pradesh Vidyut Vitran Nigam Limited,,4,>1725&&<=3025,((CondValue-1725)/6.5)+300,,1725,3025
,residential,Uttar Pradesh,Uttar Pradesh Vidyut Vitran Nigam Limited,,5,>3025,((CondValue-3025)/7)+500,,3025,3025
,residential,Uttar Pradesh,Uttar Pradesh Vidyut Vitran Nigam Limited,,6,Irradiance,1609.4,,,
,residential,West Bengal,West Bengal State Electricity Distribution Company Limited,,0,cnt,6,,,
,residential,West Bengal,West Bengal State Electricity Distribution Company Limited,,1,defaultFixedCharge,75,Rupees,,
,residential,West Bengal,West Bengal State Electricity Distribution Company Limited,,2,>993.6&&<=1801.2,((CondValue-993.6)/6.73)+180,,993.6,1801.2
,residential,West Bengal,West Bengal State Electricity Distribution Company Limited,,3,>1801.2&&<=3970.2,((CondValue-1801.2)/7.23)+300,,1801.2,3970.2
,residential,West Bengal,West Bengal State Electricity Distribution Company Limited,,4,>3970.2&&<=6166.2,((CondValue-3970.2)/7.32)+600,,3970.2,6166.2
,residential,West Bengal,West Bengal State Electricity Distribution Company Limited,,5,>6166.2,((CondValue-6166.2)/8.99)+900,,6166.2,6166.2
,residential,West Bengal,West Bengal State Electricity Distribution Company Limited,,6,Irradiance,1551.6,,,
,residential,West Bengal,Calcutta Electric Supply Corporation,,0,cnt,6,,,
,residential,West Bengal,Calcutta Electric Supply Corporation,,1,defaultFixedCharge,0,Rupees,,
,residential,West Bengal,Calcutta Electric Supply Corporation,,2,>925.65&&<=1292.15,((CondValue-925.65)/7.33)+150,,925.65,1292.15
,residential,West Bengal,Calcutta Electric Supply Corporation,,3,>1292.15&&<=2025.15,((CondValue-1292.15)/7.33)+200,,1292.15,2025.15
,residential,West Bengal,Calcutta Electric Supply Corporation,,4,>2025.15&&<=4701.15,((CondValue-2025.15)/8.92)+600,,2025.15,4701.15
,residential,West Bengal,Calcutta Electric Supply Corporation,,5,>4701.15,((CondValue-4701.15)/8.92)+600,,4701.15,4701.15
,residential,West Bengal,Calcutta Electric Supply Corporation,,6,Irradiance,1551.6,,,
,residential,Jammu and Kashmir,Power Development Department J&K,,0,cnt,3,,,
,residential,Jammu and Kashmir,Power Development Department J&K,,1,defaultFixedCharge,0,,,
,residential,Jammu and Kashmir,Power Development Department J&K,,2,>954,((CondValue-954)/3.2)+400,,954,954
,residential,Jammu and Kashmir,Power Development Department J&K,,3,Irradiance,1857.8,,,
,residential,Dadra and Nagar Hav.,Electricity Department UT of Dadar & Nagar Haveli,,0,cnt,3,,,
,residential,Dadra and Nagar Hav.,Electricity Department UT of Dadar & Nagar Haveli,,1,defaultFixedCharge,45,Rupees,,
,residential,Dadra and Nagar Hav.,Electricity Department UT of Dadar & Nagar Haveli,,2,>840,((CondValue-840)/3)+400,,840,840
,residential,Dadra and Nagar Hav.,Electricity Department UT of Dadar & Nagar Haveli,,3,Irradiance,1593.9,,,
,commercial,Andhra Pradesh,Southern Power Distribution Company of A.P Limited,,0,cnt,6,,,
,commercial,Andhra Pradesh,Southern Power Distribution Company of A.P Limited,,1,defaultFixedCharge,750,,,
,commercial,Andhra Pradesh,Southern Power Distribution Company of A.P Limited,,2,<=727.5,((CondValue-345)/7.65)+50,,0,727.5
,commercial,Andhra Pradesh,Southern Power Distribution Company of A.P Limited,,3,>727.5&&<=2537.5,((CondValue-727.5)/9.05)+100,,727.5,2537.5
,commercial,Andhra Pradesh,Southern Power Distribution Company of A.P Limited,,4,>2537.5&&<=4457.5,((CondValue-2537.5)/9.6)+300,,2537.5,4457.5
,commercial,Andhra Pradesh,Southern Power Distribution Company of A.P Limited,,5,>4457.5,((CondValue-4457.5)/10.15)+500,,4457.5,4457.5
,commercial,Andhra Pradesh,Southern Power Distribution Company of A.P Limited,,6,Irradiance,1633.4,,,
,commercial,Arunachal Pradesh,Department of Power Arunachal Pradesh,,0,cnt,3,,,
,commercial,Arunachal Pradesh,Department of Power Arunachal Pradesh,,1,defaultFixedCharge,20,,,
,commercial,Arunachal Pradesh,Department of Power Arunachal Pradesh,,2,>0,(CondValue/5.07),,0,0
,commercial,Arunachal Pradesh,Department of Power Arunachal Pradesh,,3,Irradiance,1232.2,,,
,commercial,Assam,Assam Power Distribution Company Limited,,0,cnt,3,,,
,commercial,Assam,Assam Power Distribution Company Limited,,1,defaultFixedCharge,0,,,
,commercial,Assam,Assam Power Distribution Company Limited,,2,SanctionLoad,(CondValue-(SanctionLoad*130))/7.2,,,
,commercial,Assam,Assam Power Distribution Company Limited,,3,Irradiance,1599.7,,,
,commercial,Andaman & Nicobar,Electricity Department UT of Andaman & Nicobar,,0,cnt,5,,,
,commercial,Andaman & Nicobar,Electricity Department UT of Andaman & Nicobar,,1,defaultFixedCharge,125,,,
,commercial,Andaman & Nicobar,Electricity Department UT of Andaman & Nicobar,,2,<=1500,(CondValue/7.5),,0,1500
,commercial,Andaman & Nicobar,Electricity Department UT of Andaman & Nicobar,,3,>1500&&<=4350,((CondValue-1500)/9.5)+200,,1500,4350
,commercial,Andaman & Nicobar,Electricity Department UT of Andaman & Nicobar,,4,>4350,((CondValue-4350)/12.75)+500,,4350,4350
,commercial,Andaman & Nicobar,Electricity Department UT of Andaman & Nicobar,,5,Irradiance,1454.7,,,
,commercial,Bihar,Bihar Power Distribution Company,,0,cnt,6,,,
,commercial,Bihar,Bihar Power Distribution Company,,1,defaultFixedCharge,0,,,
,commercial,Bihar,Bihar Power Distribution Company,,2,SanctionLoad,CondValue-(SanctionLoad*180),,,
,commercial,Bihar,Bihar Power Distribution Company,,3,<=635,CondValue/6.35,,0,635
,commercial,Bihar,Bihar Power Distribution Company,,4,>635&&<=1320,((CondValue-635)/6.85)+100,,635,1320
,commercial,Bihar,Bihar Power Distribution Company,,5,>1320,((CondValue-1320)/7.4)+200,,1320,1320
,commercial,Bihar,Bihar Power Distribution Company,,6,Irradiance,1503.4,,,
,commercial,Chattisgarh,Chhattisgarh State Power Distribution Company,,0,cnt,5,,,
,commercial,Chattisgarh,Chhattisgarh State Power Distribution Company,,1,defaultFixedCharge,0,,,
,commercial,Chattisgarh,Chhattisgarh State Power Distribution Company,,2,SanctionLoad,CondValue-(SanctionLoad*120),,,
,commercial,Chattisgarh,Chhattisgarh State Power Distribution Company,,3,<=2600,CondValue/6.5,,0,2600
,commercial,Chattisgarh,Chhattisgarh State Power Distribution Company,,4,>2600,((CondValue-2600)/7.8)+400,,2600,2600
,commercial,Chattisgarh,Chhattisgarh State Power Distribution Company,,5,Irradiance,1614.4,,,
,commercial,Chandigarh,Electricity Department UT of Chandigarh,,0,cnt,6,,,
,commercial,Chandigarh,Electricity Department UT of Chandigarh,,1,defaultFixedCharge,0,,,
,commercial,Chandigarh,Electricity Department UT of Chandigarh,,2,SanctionLoad,CondValue-(SanctionLoad*100),,,
,commercial,Chandigarh,Electricity Department UT of Chandigarh,,3,<=675,CondValue/4.5,,0,675
,commercial,Chandigarh,Electricity Department UT of Chandigarh,,4,>675&&<=1850,((CondValue-675)/4.7)+150,,675,1850
,commercial,Chandigarh,Electricity Department UT of Chandigarh,,5,>1850,((CondValue-1850)/5)+400,,1850,1850
,commercial,Chandigarh,Electricity Department UT of Chandigarh,,6,Irradiance,1671.9,,,
,commercial,Daman and Diu,Electricity Department UT of Daman & Diu,,0,cnt,4,,,
,commercial,Daman and Diu,Electricity Department UT of Daman & Diu,,1,defaultFixedCharge,50,,,
,commercial,Daman and Diu,Electricity Department UT of Daman & Diu,,2,<=300,CondValue/3,,0,300
,commercial,Daman and Diu,Electricity Department UT of Daman & Diu,,3,>300,((CondValue-300)/4.05)+100,,300,300
,commercial,Daman and Diu,Electricity Department UT of Daman & Diu,,4,Irradiance,1593.9,,,
,commercial,Delhi,New Delhi Municipal Corporation,,0,cnt,4,,,
,commercial,Delhi,New Delhi Municipal Corporation,,1,defaultFixedCharge,0,,,
,commercial,Delhi,New Delhi Municipal Corporation,,2,Tax,0.3,,,
,commercial,Delhi,New Delhi Municipal Corporation,,3,SanctionLoad,(CondValue-(SanctionLoad*250))/8.5,,,
,commercial,Delhi,New Delhi Municipal Corporation,,4,Irradiance,1813.4,,,
,commercial,Goa,Electricity Department Government of Goa,,0,cnt,8,,,
,commercial,Goa,Electricity Department Government of Goa,,1,defaultFixedCharge,0,,,
,commercial,Goa,Electricity Department Government of Goa,,2,SanctionLoad<=20,CondValue-50,,,
,commercial,Goa,Electricity Department Government of Goa,,3,SanctionLoad>20,CondValue-(SanctionLoad*60),,,
,commercial,Goa,Electricity Department Government of Goa,,4,<=355,CondValue/3.55,,0,355
,commercial,Goa,Electricity Department Government of Goa,,5,>355&&<=790,((CondValue-355)/4.35)+100,,355,790
,commercial,Goa,Electricity Department Government of Goa,,6,>790&&<=1760,((CondValue-790)/4.85)+200,,790,1760
,commercial,Goa,Electricity Department Government of Goa,,7,>1760,((CondValue-1760)/5.25)+400,,1760,1760
,commercial,Goa,Electricity Department Government of Goa,,8,Irradiance,1635.3,,,
,commercial,Gujarat,Gujarat Vij Company Limited,,0,cnt,9,,,
,commercial,Gujarat,Gujarat Vij Company Limited,,1,defaultFixedCharge,0,,,
,commercial,Gujarat,Gujarat Vij Company Limited,,2,Tax,0.15,,,
,commercial,Gujarat,Gujarat Vij Company Limited,,3,SanctionLoad<=10,(CondValue-(SanctionLoad*50))/6.46,,,
,commercial,Gujarat,Gujarat Vij Company Limited,,4,SanctionLoad>10,(CondValue-(SanctionLoad*85))/6.96,,,
,commercial,Gujarat,Gujarat Vij Company Limited,,5,Irradiance,1675.6,,,
,commercial,Gujarat,Gujarat Vij Company Limited,,6,CostPerkWp,58000,,,
,commercial,Gujarat,Gujarat Vij Company Limited,,7,LeverageRatio,75,,,
,commercial,Gujarat,Gujarat Vij Company Limited,,8,TermLoanTenure,4,,,
,commercial,Gujarat,Gujarat Vij Company Limited,,9,TermLoanInterestRate,12,,,
,commercial,Gujarat,Gujarat Torrent Power,AHMEDABAD,0,cnt,8,,,
,commercial,Gujarat,Gujarat Torrent Power,AHMEDABAD,1,defaultFixedCharge,0,,,
,commercial,Gujarat,Gujarat Torrent Power,AHMEDABAD,2,Tax,0.15,,,
,commercial,Gujarat,Gujarat Torrent Power,AHMEDABAD,3,SanctionLoad,(CondValue-(SanctionLoad*90))/6.71,,,
,commercial,Gujarat,Gujarat Torrent Power,AHMEDABAD,4,Irradiance,1675.6,,,
,commercial,Gujarat,Gujarat Torrent Power,AHMEDABAD,5,CostPerkWp,58000,,,
,commercial,Gujarat,Gujarat Torrent Power,AHMEDABAD,6,LeverageRatio,75,,,
,commercial,Gujarat,Gujarat Torrent Power,AHMEDABAD,7,TermLoanTenure,4,,,
,commercial,Gujarat,Gujarat Torrent Power,AHMEDABAD,8,TermLoanInterestRate,12,,,
,commercial,Gujarat,Gujarat Torrent Power,SURAT,0,cnt,8,,,
,commercial,Gujarat,Gujarat Torrent Power,SURAT,1,defaultFixedCharge,0,,,
,commercial,Gujarat,Gujarat Torrent Power,SURAT,2,Tax,0.15,,,
,commercial,Gujarat,Gujarat Torrent Power,SURAT,3,SanctionLoad,(CondValue-(SanctionLoad*90))/6.71,,,
,commercial,Gujarat,Gujarat Torrent Power,SURAT,4,Irradiance,1675.6,,,
,commercial,Gujarat,Gujarat Torrent Power,SURAT,5,CostPerkWp,58000,,,
,commercial,Gujarat,Gujarat Torrent Power,SURAT,6,LeverageRatio,75,,,
,commercial,Gujarat,Gujarat Torrent Power,SURAT,7,TermLoanTenure,4,,,
,commercial,Gujarat,Gujarat Torrent Power,SURAT,8,TermLoanInterestRate,12,,,
,commercial,Gujarat,Gujarat Torrent Power,DAHEJ,0,cnt,8,,,
,commercial,Gujarat,Gujarat Torrent Power,DAHEJ,1,defaultFixedCharge,0,,,
,commercial,Gujarat,Gujarat Torrent Power,DAHEJ,2,Tax,0.15,,,
,commercial,Gujarat,Gujarat Torrent Power,DAHEJ,3,SanctionLoad,(CondValue-(SanctionLoad*90))/6.71,,,
,commercial,Gujarat,Gujarat Torrent Power,DAHEJ,4,Irradiance,1675.6,,,
,commercial,Gujarat,Gujarat Torrent Power,DAHEJ,5,CostPerkWp,58000,,,
,commercial,Gujarat,Gujarat Torrent Power,DAHEJ,6,LeverageRatio,75,,,
,commercial,Gujarat,Gujarat Torrent Power,DAHEJ,7,TermLoanTenure,4,,,
,commercial,Gujarat,Gujarat Torrent Power,DAHEJ,8,TermLoanInterestRate,12,,,
,commercial,Haryana,Haryana Bijli Vitran Nigam,,0,cnt,3,,,
,commercial,Haryana,Haryana Bijli Vitran Nigam,,1,defaultFixedCharge,0,,,
,commercial,Haryana,Haryana Bijli Vitran Nigam,,2,>0,CondValue/7.38,,0,0
,commercial,Haryana,Haryana Bijli Vitran Nigam,,3,Irradiance,1671.9,,,
,commercial,Himachal Pradesh,Himachal Pradesh State Electricity Board Limited,,0,cnt,3,,,
,commercial,Himachal Pradesh,Himachal Pradesh State Electricity Board Limited,,1,defaultFixedCharge,130,,,
,commercial,Himachal Pradesh,Himachal Pradesh State Electricity Board Limited,,2,>0,CondValue/5.1,,0,0
,commercial,Himachal Pradesh,Himachal Pradesh State Electricity Board Limited,,3,Irradiance,1769.4,,,
,commercial,Himachal Pradesh,Himachal Pradesh Prepaid,,0,cnt,3,,,
,commercial,Himachal Pradesh,Himachal Pradesh Prepaid,,1,defaultFixedCharge,130,,,
,commercial,Himachal Pradesh,Himachal Pradesh Prepaid,,2,>0,CondValue/5.1,,0,0
,commercial,Himachal Pradesh,Himachal Pradesh Prepaid,,3,Irradiance,1769.4,,,
,commercial,Jharkhand,Jharkhand Bijli Vitran Nigam Limited,,0,cnt,3,,,
,commercial,Jharkhand,Jharkhand Bijli Vitran Nigam Limited,,1,defaultFixedCharge,0,,,
,commercial,Jharkhand,Jharkhand Bijli Vitran Nigam Limited,,2,SanctionLoad,(CondValue-(SanctionLoad*150))/4.2,,,
,commercial,Jharkhand,Jharkhand Bijli Vitran Nigam Limited,,3,Irradiance,1666.6,,,
,commercial,Karnataka,Bangalore Electricity Company Limited,,0,cnt,5,,,
,commercial,Karnataka,Bangalore Electricity Company Limited,,1,defaultFixedCharge,0,,,
,commercial,Karnataka,Bangalore Electricity Company Limited,,2,SanctionLoad,CondValue-(SanctionLoad*105),,,
,commercial,Karnataka,Bangalore Electricity Company Limited,,3,<=417.5,CondValue/8.35,,0,417.5
,commercial,Karnataka,Bangalore Electricity Company Limited,,4,>417.5,((CondValue-417.5)/9.35)+50,,417.5,417.5
,commercial,Karnataka,Bangalore Electricity Company Limited,,5,Irradiance,1764.4,,,
,commercial,Kerala,Kerala State Electricity Board Limited,,0,cnt,4,,,
,commercial,Kerala,Kerala State Electricity Board Limited,,1,defaultFixedCharge,0,,,
,commercial,Kerala,Kerala State Electricity Board Limited,,2,SanctionLoad<=10,(CondValue-250)/4.4,,,
,commercial,Kerala,Kerala State Electricity Board Limited,,3,SanctionLoad>10,(CondValue-(SanctionLoad*120))/4.4,,,
,commercial,Kerala,Kerala State Electricity Board Limited,,4,Irradiance,1665.6,,,
,commercial,Lakshadweep,Electricity Department UT of Lakshadweep,,0,cnt,5,,,
,commercial,Lakshadweep,Electricity Department UT of Lakshadweep,,1,defaultFixedCharge,125,,,
,commercial,Lakshadweep,Electricity Department UT of Lakshadweep,,2,<=635,CondValue/6.35,,0,635
,commercial,Lakshadweep,Electricity Department UT of Lakshadweep,,3,>635&&<=1395,((CondValue-635)/7.6)+100,,635,1395
,commercial,Lakshadweep,Electricity Department UT of Lakshadweep,,4,>1395,((CondValue-1395)/9.5)+200,,1395,1395
,commercial,Lakshadweep,Electricity Department UT of Lakshadweep,,5,Irradiance,1600.6,,,
,commercial,Madhya Pradesh,Madhya Pradesh Madhya Kshetra Vidyut Vitran Company Limited,,0,cnt,4,,,
,commercial,Madhya Pradesh,Madhya Pradesh Madhya Kshetra Vidyut Vitran Company Limited,,1,defaultFixedCharge,0,,,
,commercial,Madhya Pradesh,Madhya Pradesh Madhya Kshetra Vidyut Vitran Company Limited,,2,SanctionLoad<=10,(CondValue-(SanctionLoad*153))/6.4,,,
,commercial,Madhya Pradesh,Madhya Pradesh Madhya Kshetra Vidyut Vitran Company Limited,,3,SanctionLoad>10,(CondValue-(SanctionLoad*275))/6.4,,,
,commercial,Madhya Pradesh,Madhya Pradesh Madhya Kshetra Vidyut Vitran Company Limited,,4,Irradiance,1680,,,
,commercial,Maharashtra,Maharashtra State Electricity Distribution Company Limited,,0,cnt,5,,,
,commercial,Maharashtra,Maharashtra State Electricity Distribution Company Limited,,1,defaultFixedCharge,0,,,
,commercial,Maharashtra,Maharashtra State Electricity Distribution Company Limited,,2,SanctionLoad<=20,(CondValue-403)/8.81,,,
,commercial,Maharashtra,Maharashtra State Electricity Distribution Company Limited,,3,SanctionLoad>20&<=50,(CondValue-(SanctionLoad*403))/12.17,,,
,commercial,Maharashtra,Maharashtra State Electricity Distribution Company Limited,,4,SanctionLoad>50,(CondValue-(SanctionLoad*403))/14.28,,,
,commercial,Maharashtra,Maharashtra State Electricity Distribution Company Limited,,5,Irradiance,1597.5,,,
,commercial,Maharashtra,Adani,,0,cnt,5,,,
,commercial,Maharashtra,Adani,,1,defaultFixedCharge,0,,,
,commercial,Maharashtra,Adani,,2,SanctionLoad<=20,(CondValue-405)/7.11,,,
,commercial,Maharashtra,Adani,,3,SanctionLoad>20&<=50,CondValue-(SanctionLoad*335)/7.51,,,
,commercial,Maharashtra,Adani,,4,SanctionLoad>50,CondValue-(SanctionLoad*335)/8.06,,,
,commercial,Maharashtra,Adani,,5,Irradiance,1597.5,,,
,commercial,Maharashtra,Brihanmumbai Electric Supply Company,,0,cnt,5,,,
,commercial,Maharashtra,Brihanmumbai Electric Supply Company,,1,defaultFixedCharge,0,,,
,commercial,Maharashtra,Brihanmumbai Electric Supply Company,,2,SanctionLoad<=20,(CondValue-385)/6.61,,,
,commercial,Maharashtra,Brihanmumbai Electric Supply Company,,3,SanctionLoad>20&<=50,(CondValue-(SanctionLoad*320))/6.66,,,
,commercial,Maharashtra,Brihanmumbai Electric Supply Company,,4,SanctionLoad>50,(CondValue-(SanctionLoad*320))/7,,,
,commercial,Maharashtra,Brihanmumbai Electric Supply Company,,5,Irradiance,1597.5,,,
,commercial,Maharashtra,Tata,,0,cnt,,,,
,commercial,Maharashtra,Tata,,1,defaultFixedCharge,0,,,
,commercial,Maharashtra,Tata,,2,SanctionLoad<=20,(CondValue-405)/6.88,,,
,commercial,Maharashtra,Tata,,3,SanctionLoad>20&<=50,(CondValue-(SanctionLoad*335))/6.93,,,
,commercial,Maharashtra,Tata,,4,SanctionLoad>50,(CondValue-(SanctionLoad*335))/7.28,,,
,commercial,Maharashtra,Tata,,5,Irradiance,1597.5,,,
,commercial,Manipur,Manipur State Power Distribution Company Limited,,0,cnt,6,,,
,commercial,Manipur,Manipur State Power Distribution Company Limited,,1,defaultFixedCharge,0,,,
,commercial,Manipur,Manipur State Power Distribution Company Limited,,2,SanctionLoad,CondValue-(SanctionLoad*85),,,
,commercial,Manipur,Manipur State Power Distribution Company Limited,,3,<=655,CondValue/6.55,,0,655
,commercial,Manipur,Manipur State Power Distribution Company Limited,,4,>655 &&<=1380,((CondValue-655)/7.25)+100,,655,1380
,commercial,Manipur,Manipur State Power Distribution Company Limited,,5,>1380,((CondValue-1380)/7.65)+200,,1380,1380
,commercial,Manipur,Manipur State Power Distribution Company Limited,,6,Irradiance,1506.9,,,
,commercial,Megalaya,Meghalaya Energy Distribution Company Limited,,0,cnt,5,,,
,commercial,Megalaya,Meghalaya Energy Distribution Company Limited,,1,defaultFixedCharge,0,,,
,commercial,Megalaya,Meghalaya Energy Distribution Company Limited,,2,SanctionLoad,CondValue-(SanctionLoad*120),,,
,commercial,Megalaya,Meghalaya Energy Distribution Company Limited,,3,<=630,CondValue/6.3,,0,630
,commercial,Megalaya,Meghalaya Energy Distribution Company Limited,,4,>630,((CondValue-630)/7.3)+100,,630,630
,commercial,Megalaya,Meghalaya Energy Distribution Company Limited,,5,Irradiance,1468.4,,,
,commercial,Mizoram,Power and Electricity Department Mizoram,,0,cnt,5,,,
,commercial,Mizoram,Power and Electricity Department Mizoram,,1,defaultFixedCharge,0,,,
,commercial,Mizoram,Power and Electricity Department Mizoram,,2,SanctionLoad,CondValue-(SanctionLoad*60),,,
,commercial,Mizoram,Power and Electricity Department Mizoram,,3,<=610,CondValue/6.1,,0,610
,commercial,Mizoram,Power and Electricity Department Mizoram,,4,>610,((CondValue-610)/6.25)+100,,610,610
,commercial,Mizoram,Power and Electricity Department Mizoram,,5,Irradiance,1781.9,,,
,commercial,Nagaland,Department of Power Nagaland,,0,cnt,6,,,
,commercial,Nagaland,Department of Power Nagaland,,1,defaultFixedCharge,0,,,
,commercial,Nagaland,Department of Power Nagaland,,2,SanctionLoad,CondValue-(SanctionLoad*200),,,
,commercial,Nagaland,Department of Power Nagaland,,3,<=390,CondValue/6.5,,0,390
,commercial,Nagaland,Department of Power Nagaland,,4,>390&&<=1776,((CondValue-390)/7.7)+60,,390,1776
,commercial,Nagaland,Department of Power Nagaland,,5,>1776,((CondValue-1776)/8.8)+240,,1776,1776
,commercial,Nagaland,Department of Power Nagaland,,6,Irradiance,1614.4,,,
,commercial,Odisha,Odisha Electricity Supply Company Limited,,0,cnt,6,,,
,commercial,Odisha,Odisha Electricity Supply Company Limited,,1,defaultFixedCharge,0,,,
,commercial,Odisha,Odisha Electricity Supply Company Limited,,2,SanctionLoad,CondValue-(SanctionLoad*30),,,
,commercial,Odisha,Odisha Electricity Supply Company Limited,,3,<=590,CondValue/5.9,,0,590
,commercial,Odisha,Odisha Electricity Supply Company Limited,,4,>590&&<=1990,((CondValue-590)/7)+100,,590,1990
,commercial,Odisha,Odisha Electricity Supply Company Limited,,5,>1990,((CondValue-1990)/7.6)+300,,1990,1990
,commercial,Odisha,Odisha Electricity Supply Company Limited,,6,Irradiance,1516.6,,,
,commercial,Pondicherry,Electricity Department UT of Puducherry,,0,cnt,6,,,
,commercial,Pondicherry,Electricity Department UT of Puducherry,,1,defaultFixedCharge,0,,,
,commercial,Pondicherry,Electricity Department UT of Puducherry,,2,SanctionLoad,CondValue-(SanctionLoad*75),,,
,commercial,Pondicherry,Electricity Department UT of Puducherry,,3,<=570,CondValue/5.7,,0,570
,commercial,Pondicherry,Electricity Department UT of Puducherry,,4,>570&&<=1582.5,((CondValue-570)/6.75)+100,,570,1582.5
,commercial,Pondicherry,Electricity Department UT of Puducherry,,5,>1582.5,((CondValue-1582.5)/7.5)+250,,1582.5,1582.5
,commercial,Pondicherry,Electricity Department UT of Puducherry,,6,Irradiance,1618.8,,,
,commercial,Punjab,Punjab State Power Corporation Limited,,0,cnt,6,,,
,commercial,Punjab,Punjab State Power Corporation Limited,,1,defaultFixedCharge,0,,,
,commercial,Punjab,Punjab State Power Corporation Limited,,2,SanctionLoad,CondValue-(SanctionLoad*70),,,
,commercial,Punjab,Punjab State Power Corporation Limited,,3,<=691,CondValue/6.91,,0,691
,commercial,Punjab,Punjab State Power Corporation Limited,,4,>691&&<=3559,((CondValue-691)/7.17)+100,,691,3559
,commercial,Punjab,Punjab State Power Corporation Limited,,5,>3559,((CondValue-3559)/7.29)+500,,3559,3559
,commercial,Punjab,Punjab State Power Corporation Limited,,6,Irradiance,1671.9,,,
,commercial,Rajasthan,Rajasthan Vidyut Vitran Nigam Limited,,0,cnt,7,,,
,commercial,Rajasthan,Rajasthan Vidyut Vitran Nigam Limited,,1,defaultFixedCharge,0,,,
,commercial,Rajasthan,Rajasthan Vidyut Vitran Nigam Limited,,2,SanctionLoad,CondValue-(SanctionLoad*150),,,
,commercial,Rajasthan,Rajasthan Vidyut Vitran Nigam Limited,,3,<=755,CondValue/7.55,,0,755
,commercial,Rajasthan,Rajasthan Vidyut Vitran Nigam Limited,,4,>755&&<=1605,((CondValue-755)/8.5)+100,,755,1605
,commercial,Rajasthan,Rajasthan Vidyut Vitran Nigam Limited,,5,>1605&&<=4206,((CondValue-1605)/8.85)+200,,1605,4206
,commercial,Rajasthan,Rajasthan Vidyut Vitran Nigam Limited,,6,>4206,((CondValue-4206)/8.95)+500,,4206,4206
,commercial,Rajasthan,Rajasthan Vidyut Vitran Nigam Limited,,7,Irradiance,1551.6,,,
,commercial,Sikkim,Sikkim Power Development Corporation Limited,,0,cnt,6,,,
,commercial,Sikkim,Sikkim Power Development Corporation Limited,,1,defaultFixedCharge,500,,,
,commercial,Sikkim,Sikkim Power Development Corporation Limited,,2,<=165,CondValue/3.3,,0,165
,commercial,Sikkim,Sikkim Power Development Corporation Limited,,3,>165&&<=1005,((CondValue-165)/5.6)+50,,165,1005
,commercial,Sikkim,Sikkim Power Development Corporation Limited,,4,>1005&&<=2205,((CondValue-1005)/6)+200,,1005,2205
,commercial,Sikkim,Sikkim Power Development Corporation Limited,,5,>2205,((CondValue-2205)/6.4)+400,,2205,2205
,commercial,Sikkim,Sikkim Power Development Corporation Limited,,6,Irradiance,1614.4,,,
,commercial,Tamil Nadu,Tamil Nadu Generation & Distribution Company Limited,,0,cnt,5,,,
,commercial,Tamil Nadu,Tamil Nadu Generation & Distribution Company Limited,,1,defaultFixedCharge,0,,,
,commercial,Tamil Nadu,Tamil Nadu Generation & Distribution Company Limited,,2,SanctionLoad,CondValue-(SanctionLoad*140),,,
,commercial,Tamil Nadu,Tamil Nadu Generation & Distribution Company Limited,,3,<=500,CondValue/500,,0,500
,commercial,Tamil Nadu,Tamil Nadu Generation & Distribution Company Limited,,4,>500,((CondValue-500)/8.05)+100,,500,500
,commercial,Tamil Nadu,Tamil Nadu Generation & Distribution Company Limited,,5,Irradiance,1610.9,,,
,commercial,Telangana,Telangana State Power Distribution Company Limited,,0,cnt,7,,,
,commercial,Telangana,Telangana State Power Distribution Company Limited,,1,defaultFixedCharge,0,,,
,commercial,Telangana,Telangana State Power Distribution Company Limited,,2,SanctionLoad,CondValue-(SanctionLoad*60),,,
,commercial,Telangana,Telangana State Power Distribution Company Limited,,3,<=750,CondValue/7.5,,0,750
,commercial,Telangana,Telangana State Power Distribution Company Limited,,4,>750&&<=2530,((CondValue-750)/8.9)+100,,750,2530
,commercial,Telangana,Telangana State Power Distribution Company Limited,,5,>2530&&<=4410,((CondValue-2530)/9.4)+300,,2530,4410
,commercial,Telangana,Telangana State Power Distribution Company Limited,,6,>4410,((CondValue-4410)/10)+500,,4410,4410
,commercial,Telangana,Telangana State Power Distribution Company Limited,,7,Irradiance,1657.2,,,
,commercial,Tripura,Tripura State Electricity Corporation Limited,,0,cnt,3,,,
,commercial,Tripura,Tripura State Electricity Corporation Limited,,1,defaultFixedCharge,0,,,
,commercial,Tripura,Tripura State Electricity Corporation Limited,,2,SanctionLoad,(CondValue-(SanctionLoad*50))/7.45,,,
,commercial,Tripura,Tripura State Electricity Corporation Limited,,3,Irradiance,1652.2,,,
,commercial,Uttarakhand,Uttarakhand Power Corporation Limited,,0,cnt,7,,,
,commercial,Uttarakhand,Uttarakhand Power Corporation Limited,,1,defaultFixedCharge,0,,,
,commercial,Uttarakhand,Uttarakhand Power Corporation Limited,,2,SanctionLoad,(CondValue-(SanctionLoad*90))/5.8,,,
,commercial,Uttarakhand,Uttarakhand Power Corporation Limited,,3,Irradiance,1846.9,,,
,commercial,Uttarakhand,Uttarakhand Power Corporation Limited,,4,CostPerkWp,40000,,,
,commercial,Uttarakhand,Uttarakhand Power Corporation Limited,,5,LeverageRatio,70,,,
,commercial,Uttarakhand,Uttarakhand Power Corporation Limited,,6,TermLoanTenure,15,,,
,commercial,Uttarakhand,Uttarakhand Power Corporation Limited,,7,TermLoanInterestRate,8,,,
,commercial,Uttar Pradesh,Uttar Pradesh Vidyut Vitran Nigam Limited,,0,cnt,6,,,
,commercial,Uttar Pradesh,Uttar Pradesh Vidyut Vitran Nigam Limited,,1,defaultFixedCharge,0,,,
,commercial,Uttar Pradesh,Uttar Pradesh Vidyut Vitran Nigam Limited,,2,SanctionLoad,CondValue-(SanctionLoad*450),,,
,commercial,Uttar Pradesh,Uttar Pradesh Vidyut Vitran Nigam Limited,,3,<=2250,CondValue/7.5,,0,2250
,commercial,Uttar Pradesh,Uttar Pradesh Vidyut Vitran Nigam Limited,,4,>2250&&<=8130,((CondValue-2250)/8.4)+300,,2250,8130
,commercial,Uttar Pradesh,Uttar Pradesh Vidyut Vitran Nigam Limited,,5,>8130,((CondValue-8130)/8.75)+1000,,8130,8130
,commercial,Uttar Pradesh,Uttar Pradesh Vidyut Vitran Nigam Limited,,6,Irradiance,1609.4,,,
,commercial,West Bengal,West Bengal State Electricity Distribution Company Limited,,0,cnt,8,,,
,commercial,West Bengal,West Bengal State Electricity Distribution Company Limited,,1,defaultFixedCharge,0,,,
,commercial,West Bengal,West Bengal State Electricity Distribution Company Limited,,2,SanctionLoad,CondValue-(SanctionLoad*30),,,
,commercial,West Bengal,West Bengal State Electricity Distribution Company Limited,,3,<=1114.2,CondValue/6.19,,0,1114.2
,commercial,West Bengal,West Bengal State Electricity Distribution Company Limited,,4,>1114.2&&<=2001,((CondValue-1114.2)/7.39)+180,,1114.2,2001
,commercial,West Bengal,West Bengal State Electricity Distribution Company Limited,,5,>2001&&<=3204,((CondValue-2001)/8.02)+300,,2001,3204
,commercial,West Bengal,West Bengal State Electricity Distribution Company Limited,,6,>3204&&<=7006.5,((CondValue-3204)/8.45)+450,,3204,7006.5
,commercial,West Bengal,West Bengal State Electricity Distribution Company Limited,,7,>7006.5,((CondValue-7006.5)/8.94)+900,,7006.5,7006.5
,commercial,West Bengal,West Bengal State Electricity Distribution Company Limited,,8,Irradiance,1551.6,,,
,commercial,West Bengal,Calcutta Electric Supply Corporation,,0,cnt,8,,,
,commercial,West Bengal,Calcutta Electric Supply Corporation,,1,defaultFixedCharge,0,,,
,commercial,West Bengal,Calcutta Electric Supply Corporation,,2,SanctionLoad,CondValue-(SanctionLoad*24),,,
,commercial,West Bengal,Calcutta Electric Supply Corporation,,3,<=376.8,CondValue/6.28,,0,376.8
,commercial,West Bengal,Calcutta Electric Supply Corporation,,4,>376.8&&<=654.8,((CondValue-376.8)/6.95)+60,,376.8,654.8
,commercial,West Bengal,Calcutta Electric Supply Corporation,,5,>654.8&&<=1036.8,((CondValue-654.8)/7.64)+100,,654.8,1036.8
,commercial,West Bengal,Calcutta Electric Supply Corporation,,6,>1036.8&&<=2266.8,((CondValue-1036.8)/8.2)+150,,1036.8,2266.8
,commercial,West Bengal,Calcutta Electric Supply Corporation,,7,>2266.8,((CondValue-2266.8)/8.97)+300,,2266.8,2266.8
,commercial,West Bengal,Calcutta Electric Supply Corporation,,8,Irradiance,1551.6,,,
,commercial,Jammu and Kashmir,Power Development Department J&K,,0,cnt,3,,,
,commercial,Jammu and Kashmir,Power Development Department J&K,,1,defaultFixedCharge,0,,,
,commercial,Jammu and Kashmir,Power Development Department J&K,,2,>954,((CondValue-954)/3.2)+400,,954,954
,commercial,Jammu and Kashmir,Power Development Department J&K,,3,Irradiance,1857.8,,,
,commercial,Dadra and Nagar Hav.,Electricity Department UT of Dadar & Nagar Haveli,,0,cnt,4,,,
,commercial,Dadra and Nagar Hav.,Electricity Department UT of Dadar & Nagar Haveli,,1,defaultFixedCharge,50,,,
,commercial,Dadra and Nagar Hav.,Electricity Department UT of Dadar & Nagar Haveli,,2,<=300,CondValue/3,,0,300
,commercial,Dadra and Nagar Hav.,Electricity Department UT of Dadar & Nagar Haveli,,3,>300,((CondValue-300)/4.05)+100,,300,300
,commercial,Dadra and Nagar Hav.,Electricity Department UT of Dadar & Nagar Haveli,,4,Irradiance,1593.9,,,
,,,,,,TariffEscalation,3,,,
,,,,,,LeverageRatio(Res),70,,,
,,,,,,LeverageRatio(Com),70,,,
,,,,,,TermLoanTenure(Res),4,,,
,,,,,,TermLoanTenure(Com),5,,,
,,,,,,TermLoanInterestRate(Res),12,,,
,,,,,,TermLoanInterestRate(Com),12,,,
,,,,,,EMI,P*R*((1+R)**N)/((1+R)**N)-1,,,
,,,,,,CUFdegradationFactor,0.5,,,
,,,,,,defaultMaintenanceCharge(Res),400,,,
,,,,,,defaultMaintenanceCharge(Com),400,,,
,,,,,,MaintenanceRate(Res),5,,,
,,,,,,MaintenanceRate(Com),2,,,
,,,,,,MonthlySavings(Econ),4.2*Economy_unit*grid_tariff*30,,,
,,,,,,MonthlySavings(Sec),4.2*secure_unit*grid_tariff*30,,,
,,,,,,DepPer1,40,,,
,,,,,,DepPer2,20,,,
,,,,,,TaxBenefit,26,,,
,,,,,,InflationElectricityTariff,4,,,
,,,,,,TreesSaved,54.4,,,
,,,,,,CO2,1142.2,,,
